<?xml version="1.0"?>
<!DOCTYPE hibernate-mapping PUBLIC
        "-//Hibernate/Hibernate Mapping DTD 3.0//EN"
        "http://hibernate.sourceforge.net/hibernate-mapping-3.0.dtd">

<hibernate-mapping>
	<class name="com.bjsxt.hibernate.Student">
		
			
		<composite-id name="pk" class="com.bjsxt.hibernate.StudentPK">
			<key-property name="id"></key-property>
			<key-property name="name"></key-property>
		</composite-id>
		
		<property name="age" />
		<property name="sex" />
		<property name="good" type="yes_no"></property>
    </class>
	
</hibernate-mapping>