<?xml version="1.0"?>
<!DOCTYPE hibernate-mapping PUBLIC
        "-//Hibernate/Hibernate Mapping DTD 3.0//EN"
        "http://hibernate.sourceforge.net/hibernate-mapping-3.0.dtd">

<hibernate-mapping>
	<class name="com.bjsxt.hibernate.StuIdCard">
		<id name="id">
			<generator class="foreign">
				<param name="property">student</param>
			</generator>
		</id>
		
		<property name="num"/>
		<one-to-one name="student" constrained="true"></one-to-one>
    </class>
	
</hibernate-mapping>