<?xml version="1.0"?>
<!DOCTYPE hibernate-mapping PUBLIC
        "-//Hibernate/Hibernate Mapping DTD 3.0//EN"
        "http://hibernate.sourceforge.net/hibernate-mapping-3.0.dtd">

<hibernate-mapping>
	<class name="com.bjsxt.hibernate.Husband" >
		<id name="id">
			<generator class="native"></generator>
		</id>
		
		<property name="name"></property>
		<component name="wife">
			<property name="wifeName"></property>
			<property name="age"></property>
		</component>
    </class>
	
</hibernate-mapping>