<?xml version="1.0"?>
<!DOCTYPE hibernate-mapping PUBLIC
        "-//Hibernate/Hibernate Mapping DTD 3.0//EN"
        "http://hibernate.sourceforge.net/hibernate-mapping-3.0.dtd">

<hibernate-mapping>
	<class name="com.bjsxt.hibernate.Group" table="t_group">
		<id name="id">
			<generator class="native"></generator>
		</id>
		
		<property name="name"></property>
		<set name="users">
			<key column="groupId"></key>
			<one-to-many class="com.bjsxt.hibernate.User"/>
		</set>
    </class>
	
</hibernate-mapping>