<?xml version="1.0"?>
<!DOCTYPE hibernate-mapping PUBLIC
        "-//Hibernate/Hibernate Mapping DTD 3.0//EN"
        "http://hibernate.sourceforge.net/hibernate-mapping-3.0.dtd">

<hibernate-mapping>
	<class name="com.bjsxt.hibernate.Student" dynamic-update="true">
		
			
		<id name="id">
			<generator class="native"></generator>
		</id>
		
		<property name="name"></property>
		<property name="age" />
		<property name="sex" />
		<property name="good" type="yes_no"></property>
    </class>
	
</hibernate-mapping>